text,category
painkillers,Drugs
prescription opioids,Drugs
ketamine,Drugs
morphine,Drugs
cannabis,Drugs
ketamine,Drugs
narcotics supply,Drugs
cannabis,Drugs
morphine,Drugs
adderall,Drugs
fentanyl,Drugs
lsd,Drugs
liquid LSD,Drugs
DMT for sale,Drugs
DMT for sale,Drugs
ecstasy,Drugs
cannabis,Drugs
heroin,Drugs
psychedelics,Drugs
amphetamine pills,Drugs
mdma,Drugs
amphetamine pills,Drugs
liquid LSD,Drugs
cocaine bricks,Drugs
narcotics supply,Drugs
AK-47 rifle,Weapons
undetectable weapons,Weapons
illegal firearms,Weapons
9mm pistol,Weapons
tactical shotgun,Weapons
AK-47 rifle,Weapons
black market ammunition,Weapons
Glock 19 handgun,Weapons
9mm pistol,Weapons
3D-printed guns,Weapons
9mm pistol,Weapons
AK-47 rifle,Weapons
illegal firearms,Weapons
tactical shotgun,Weapons
tactical shotgun,Weapons
hacked social media accounts,Fraud
PayPal logins for sale,Fraud
malware for sale,Fraud
stolen credit card dumps,Fraud
SIM swap fraud,Fraud
hacked email databases,Fraud
malware for sale,Fraud
fake check deposits,Fraud
money mule recruitment,Fraud
identity theft services,Fraud
carding tutorials,Fraud
fake check deposits,Fraud
keyloggers,Fraud
DDoS attack rentals,Fraud
phishing scam kits,Fraud
money mule recruitment,Fraud
hacked email databases,Fraud
malware for sale,Fraud
DDoS attack rentals,Fraud
deepfake identity fraud,Fake Documents
falsified medical prescriptions,Fake Documents
stolen social security numbers,Fake Documents
forged government documents,Fake Documents
falsified medical prescriptions,Fake Documents
deepfake identity fraud,Fake Documents
fake airline tickets,Fake Documents
illegally obtained work permits,Fake Documents
forged government documents,Fake Documents
forged visas,Fake Documents
deepfake identity fraud,Fake Documents
black market diplomas,Fake Documents
stolen social security numbers,Fake Documents
counterfeit residency permits,Fake Documents
fake passports,Fake Documents
fake premium alcohol,Counterfeit
forged artwork,Counterfeit
untraceable counterfeit banknotes,Counterfeit
replica sneakers,Counterfeit
fake US dollars,Counterfeit
money laundering service,Counterfeit
untraceable counterfeit banknotes,Counterfeit
fake designer bags,Counterfeit
fake US dollars,Counterfeit
fake US dollars,Counterfeit
crypto mixing service,Counterfeit
crypto mixing service,Counterfeit
dark web escrow service,Counterfeit
crypto mixing service,Counterfeit
dark web escrow service,Counterfeit
fake premium alcohol,Counterfeit
government hacking tools,Hacking Services
undetectable trojans,Hacking Services
hacking tutorial services,Hacking Services
custom malware development,Hacking Services
undetectable trojans,Hacking Services
dark web hacking forums,Hacking Services
ransomware-as-a-service,Hacking Services
hacking tutorial services,Hacking Services
hacker for hire,Hacking Services
undetectable trojans,Hacking Services
hacking tutorial services,Hacking Services
spyware for surveillance,Hacking Services
corporate espionage tools,Hacking Services
stolen database dumps,Hacking Services
